rows,benign_rows,attack_rows,false_alerts,true_positives,false_negatives,fpr,attack_recall,false_alerts_per_hour,threshold,time_span_hours,fold,method,benign_quantile,adaptation_rows,adaptation_attack_rate_audit,inferred_benign_component,inferred_benign_rows,inferred_benign_fraction,component_mean_logit_0,component_mean_logit_1,device
41061,11712,29349,11693,29339,10,0.9983777322404371,0.9996592728883438,18.357729313888353,0.0006964142667129636,636.9524138888888,fold_01,two_component_logit_gmm_empirical_benign_tail,0.99,10265,0.5676570871894788,1,30,0.0029225523623964927,-7.261003327799691,-7.495542290507993,cuda
373706,349323,24383,1,0,24383,2.8626800983616883e-06,0.0,0.0015538712101920706,0.0001485614338889718,643.5539788888889,fold_02,two_component_logit_gmm_empirical_benign_tail,0.99,93426,0.03074090724209535,1,28,0.00029970243829340867,-8.942757698154557,-9.509106734286942,cuda
556838,529741,27097,23500,1495,25602,0.04436130108864521,0.05517215927962505,36.517117707335245,0.00011939985415665433,643.5338130555556,fold_03,two_component_logit_gmm_empirical_benign_tail,0.99,139209,0.031212062438491762,0,139188,0.9998491476844169,-9.032914841683809,-8.98158817009433,cuda
390280,360878,29402,26104,1644,27758,0.07233469482761487,0.05591456363512686,40.56795042530358,0.0001863629004219547,643.4636141666666,fold_04,two_component_logit_gmm_empirical_benign_tail,0.99,97570,0.04528031157117966,0,97540,0.9996925284411192,-8.587629750867215,-8.387170123983017,cuda
193626,169243,24383,169242,24374,9,0.9999940913361262,0.9996308903744412,263.0782131567613,0.9924710988998413,643.3143891666666,fold_05,two_component_logit_gmm_empirical_benign_tail,0.99,48406,0.05933148783208693,0,48376,0.9993802421187457,4.881448710138616,6.133322460873431,cuda
26051,724,25327,0,1,25326,0.0,3.948355509930114e-05,0.0,0.00026231270749121904,10.938731666666667,fold_06,two_component_logit_gmm_empirical_benign_tail,0.99,6512,0.9390356265356266,1,31,0.004760442260442261,-8.437888530544694,-8.635690651042625,cuda
205324,175922,29402,129738,22757,6645,0.7374745625902388,0.7739949663288211,201.6424764761637,0.00012900010915473104,643.4061030555555,fold_07,two_component_logit_gmm_empirical_benign_tail,0.99,51331,0.08606884728526622,0,51302,0.9994350392550311,-8.955568315152167,-8.915335948089924,cuda
31286,3585,27701,3585,27672,29,1.0,0.9989531063860511,321.0030058029016,0.0002147524937754497,11.168119722222222,fold_08,two_component_logit_gmm_empirical_benign_tail,0.99,7821,0.9557601329753228,1,30,0.0038358266206367474,-8.433718441040545,-8.736338755523697,cuda
29222,3902,25320,0,1,25319,0.0,3.9494470774091624e-05,0.0,0.0002862751134671271,10.937322222222223,fold_09,two_component_logit_gmm_empirical_benign_tail,0.99,7305,0.8380561259411362,1,30,0.004106776180698152,-8.7006436876913,-8.742211092657215,cuda
199312,169910,29402,1,0,29402,5.885468777588135e-06,0.0,0.001554219960617275,0.00011001120583387092,643.4095722222222,fold_10,two_component_logit_gmm_empirical_benign_tail,0.99,49828,0.08866500762623425,1,22,0.00044151882475716465,-9.141766603507351,-9.155796599504413,cuda
41061,11712,29349,1,0,29349,8.538251366120219e-05,0.0,0.001569975995372304,9.940627933247015e-05,636.9524138888888,fold_11,two_component_logit_gmm_empirical_benign_tail,0.99,10265,0.5676570871894788,1,24,0.0023380418899171945,-9.251203230596522,-9.279966157775956,cuda
373706,349323,24383,1,0,24383,2.8626800983616883e-06,0.0,0.0015538712101920706,0.0007779843872413039,643.5539788888889,fold_12,two_component_logit_gmm_empirical_benign_tail,0.99,93426,0.03074090724209535,1,30,0.0003211097553143665,-7.519431211441134,-7.870332443654203,cuda
