feature,importance,cumulative_importance
Destination Port,0.07346128622657846,0.07346128622657846
Init_Win_bytes_forward,0.048562184383868265,0.12202347061044673
Init_Win_bytes_backward,0.044285293512238914,0.16630876412268564
Fwd Packet Length Min,0.04352394185015801,0.20983270597284365
Bwd Packet Length Min,0.04313674740242063,0.2529694533752643
Average Packet Size,0.040770656281154914,0.29374010965641917
Avg Bwd Segment Size,0.03706479712981371,0.33080490678623287
Packet Length Variance,0.03412154147070477,0.36492644825693765
Fwd Packet Length Max,0.03379585750428851,0.39872230576122614
Total Length of Fwd Packets,0.03263614409089797,0.4313584498521241
Bwd Packet Length Std,0.03199445253677085,0.463352902388895
Bwd Packet Length Max,0.030064905577896733,0.4934178079667917
Fwd Packet Length Mean,0.030017748790877707,0.5234355567576694
Max Packet Length,0.029763058692862002,0.5531986154505314
Bwd Packet Length Mean,0.02906970658280547,0.5822683220333369
Avg Fwd Segment Size,0.028107607981830783,0.6103759300151677
Packet Length Std,0.027618103613502448,0.6379940336286701
Min Packet Length,0.026286469341627355,0.6642805029702975
Subflow Fwd Bytes,0.023937577206522336,0.6882180801768198
Packet Length Mean,0.019588673260520068,0.7078067534373399
Fwd Header Length,0.019412912432470602,0.7272196658698105
Subflow Bwd Bytes,0.019330296769726165,0.7465499626395367
Bwd Header Length,0.01703559518234478,0.7635855578218814
Total Length of Bwd Packets,0.014811314548854983,0.7783968723707364
URG Flag Count,0.013898667639701906,0.7922955400104383
min_seg_size_forward,0.011037120896088501,0.8033326609065269
Total Fwd Packets,0.010391980527493646,0.8137246414340206
Fwd IAT Min,0.010141872103626463,0.8238665135376471
Subflow Bwd Packets,0.009890052989343095,0.8337565665269902
Subflow Fwd Packets,0.00988364005541722,0.8436402065824073
Total Backward Packets,0.009776218016892069,0.8534164245992995
Flow Bytes/s,0.009244422883212075,0.8626608474825115
Bwd Packets/s,0.009197613623588726,0.8718584611061002
PSH Flag Count,0.008143833850027964,0.8800022949561281
Flow Packets/s,0.008022660222214638,0.8880249551783428
Fwd IAT Max,0.007897559162273832,0.8959225143406166
Fwd IAT Total,0.007594979427185711,0.9035174937678023
Fwd IAT Mean,0.00725557429341231,0.9107730680612146
Flow IAT Std,0.006335227236453413,0.917108295297668
act_data_pkt_fwd,0.006257734685624997,0.923366029983293
Flow IAT Mean,0.006089677675883472,0.9294557076591764
ACK Flag Count,0.006015145951827731,0.9354708536110041
Flow Duration,0.0058610773041374116,0.9413319309151416
Flow IAT Max,0.005531162896636673,0.9468630938117782
Flow IAT Min,0.005423505480239078,0.9522865992920173
Fwd IAT Std,0.00511602993282288,0.9574026292248402
Fwd Packets/s,0.004625480403735733,0.962028109628576
Fwd Packet Length Std,0.004211045620889141,0.9662391552494651
Bwd IAT Max,0.004142350912201117,0.9703815061616663
Bwd IAT Mean,0.0039179624469257955,0.9742994686085921
Bwd IAT Total,0.0035144366413114147,0.9778139052499035
Idle Mean,0.0031355861925303147,0.9809494914424338
Idle Max,0.00275118787382315,0.9837006793162569
Active Min,0.0027164344630390552,0.986417113779296
Bwd IAT Min,0.0022031213205588353,0.9886202350998549
Active Max,0.002195730586114272,0.9908159656859691
Down/Up Ratio,0.001932743029151033,0.9927487087151201
Bwd IAT Std,0.0015695815938584136,0.9943182903089786
Active Mean,0.0012501079057633188,0.9955683982147419
Active Std,0.0011076505541644853,0.9966760487689064
Idle Min,0.0010970275210985376,0.9977730762900049
FIN Flag Count,0.0008740739189303437,0.9986471502089352
Fwd PSH Flags,0.00045106553863983467,0.9990982157475751
Idle Std,0.000444282002862368,0.9995424977504375
SYN Flag Count,0.0004416874853801493,0.9999841852358177
CWE Flag Count,9.668361518633188e-06,0.9999938535973363
Fwd URG Flags,5.971420492338849e-06,0.9999998250178286
RST Flag Count,1.7498217152586848e-07,1.0
ECE Flag Count,5.09152225280383e-19,1.0
Bwd PSH Flags,0.0,1.0
Bwd URG Flags,0.0,1.0
Bwd Avg Bulk Rate,0.0,1.0
Bwd Avg Packets/Bulk,0.0,1.0
Fwd Avg Packets/Bulk,0.0,1.0
Fwd Avg Bytes/Bulk,0.0,1.0
Bwd Avg Bytes/Bulk,0.0,1.0
Fwd Avg Bulk Rate,0.0,1.0
