source_file,rows_in_capture_test_split,sample_rows,benign_sampled,attack_sampled,baseline_auc,feature,permutation_auc_drop_mean,permutation_auc_drop_std
Friday-WorkingHours-Afternoon-DDos.pcap_ISCX.csv,45149,5000,2500,2500,1.0,Destination Port,0.0009383466666666266,6.251890665133504e-05
Friday-WorkingHours-Afternoon-DDos.pcap_ISCX.csv,45149,5000,2500,2500,1.0,Init_Win_bytes_forward,0.00048448000000000935,0.0002197786231642902
Friday-WorkingHours-Afternoon-DDos.pcap_ISCX.csv,45149,5000,2500,2500,1.0,Init_Win_bytes_backward,2.9866666666489294e-06,3.7734982296693608e-06
Friday-WorkingHours-Afternoon-DDos.pcap_ISCX.csv,45149,5000,2500,2500,1.0,Bwd Packet Length Min,3.700743415417188e-17,5.233641528945917e-17
Friday-WorkingHours-Afternoon-DDos.pcap_ISCX.csv,45149,5000,2500,2500,1.0,Fwd Packet Length Max,3.700743415417188e-17,5.233641528945917e-17
Friday-WorkingHours-Afternoon-DDos.pcap_ISCX.csv,45149,5000,2500,2500,1.0,Max Packet Length,3.700743415417188e-17,5.233641528945917e-17
Friday-WorkingHours-Afternoon-DDos.pcap_ISCX.csv,45149,5000,2500,2500,1.0,Avg Fwd Segment Size,3.700743415417188e-17,5.233641528945917e-17
Friday-WorkingHours-Afternoon-DDos.pcap_ISCX.csv,45149,5000,2500,2500,1.0,Packet Length Mean,3.700743415417188e-17,5.233641528945917e-17
Friday-WorkingHours-Afternoon-DDos.pcap_ISCX.csv,45149,5000,2500,2500,1.0,Fwd Header Length,3.700743415417188e-17,5.233641528945917e-17
Friday-WorkingHours-Afternoon-DDos.pcap_ISCX.csv,45149,5000,2500,2500,1.0,Fwd Packet Length Min,0.0,0.0
Friday-WorkingHours-Afternoon-DDos.pcap_ISCX.csv,45149,5000,2500,2500,1.0,Average Packet Size,0.0,0.0
Friday-WorkingHours-Afternoon-DDos.pcap_ISCX.csv,45149,5000,2500,2500,1.0,Avg Bwd Segment Size,0.0,0.0
Friday-WorkingHours-Afternoon-DDos.pcap_ISCX.csv,45149,5000,2500,2500,1.0,Packet Length Variance,0.0,0.0
Friday-WorkingHours-Afternoon-DDos.pcap_ISCX.csv,45149,5000,2500,2500,1.0,Total Length of Fwd Packets,0.0,0.0
Friday-WorkingHours-Afternoon-DDos.pcap_ISCX.csv,45149,5000,2500,2500,1.0,Bwd Packet Length Std,0.0,0.0
Friday-WorkingHours-Afternoon-DDos.pcap_ISCX.csv,45149,5000,2500,2500,1.0,Bwd Packet Length Max,0.0,0.0
Friday-WorkingHours-Afternoon-DDos.pcap_ISCX.csv,45149,5000,2500,2500,1.0,Fwd Packet Length Mean,0.0,0.0
Friday-WorkingHours-Afternoon-DDos.pcap_ISCX.csv,45149,5000,2500,2500,1.0,Bwd Packet Length Mean,0.0,0.0
Friday-WorkingHours-Afternoon-DDos.pcap_ISCX.csv,45149,5000,2500,2500,1.0,Packet Length Std,0.0,0.0
Friday-WorkingHours-Afternoon-DDos.pcap_ISCX.csv,45149,5000,2500,2500,1.0,Min Packet Length,0.0,0.0
Friday-WorkingHours-Afternoon-DDos.pcap_ISCX.csv,45149,5000,2500,2500,1.0,Subflow Fwd Bytes,0.0,0.0
Friday-WorkingHours-Afternoon-DDos.pcap_ISCX.csv,45149,5000,2500,2500,1.0,Subflow Bwd Bytes,0.0,0.0
Friday-WorkingHours-Afternoon-DDos.pcap_ISCX.csv,45149,5000,2500,2500,1.0,Bwd Header Length,0.0,0.0
Friday-WorkingHours-Afternoon-DDos.pcap_ISCX.csv,45149,5000,2500,2500,1.0,Total Length of Bwd Packets,0.0,0.0
Friday-WorkingHours-Afternoon-DDos.pcap_ISCX.csv,45149,5000,2500,2500,1.0,URG Flag Count,0.0,0.0
Friday-WorkingHours-Afternoon-PortScan.pcap_ISCX.csv,57293,5000,2500,2500,0.9997503200000001,Subflow Fwd Bytes,0.00011303999999997168,8.787870427565861e-07
Friday-WorkingHours-Afternoon-PortScan.pcap_ISCX.csv,57293,5000,2500,2500,0.9997503200000001,Avg Bwd Segment Size,0.00010978666666668542,1.0417079991726086e-06
Friday-WorkingHours-Afternoon-PortScan.pcap_ISCX.csv,57293,5000,2500,2500,0.9997503200000001,Bwd Packet Length Mean,0.00010405333333340927,5.631656554901611e-07
Friday-WorkingHours-Afternoon-PortScan.pcap_ISCX.csv,57293,5000,2500,2500,0.9997503200000001,Total Length of Bwd Packets,9.52800000001049e-05,2.231249575164925e-05
Friday-WorkingHours-Afternoon-PortScan.pcap_ISCX.csv,57293,5000,2500,2500,0.9997503200000001,Fwd Packet Length Max,8.960000000006e-05,3.660312554959844e-05
Friday-WorkingHours-Afternoon-PortScan.pcap_ISCX.csv,57293,5000,2500,2500,0.9997503200000001,Bwd Packet Length Max,8.306666666668683e-05,9.011597465180834e-07
Friday-WorkingHours-Afternoon-PortScan.pcap_ISCX.csv,57293,5000,2500,2500,0.9997503200000001,Avg Fwd Segment Size,5.653333333347869e-05,5.496926979886567e-05
Friday-WorkingHours-Afternoon-PortScan.pcap_ISCX.csv,57293,5000,2500,2500,0.9997503200000001,Destination Port,5.54400000000177e-05,2.271211130700646e-06
Friday-WorkingHours-Afternoon-PortScan.pcap_ISCX.csv,57293,5000,2500,2500,0.9997503200000001,Bwd Packet Length Std,4.541333333341058e-05,1.0877908295600007e-06
Friday-WorkingHours-Afternoon-PortScan.pcap_ISCX.csv,57293,5000,2500,2500,0.9997503200000001,Fwd Header Length,3.112000000005111e-05,1.0693300083370243e-06
Friday-WorkingHours-Afternoon-PortScan.pcap_ISCX.csv,57293,5000,2500,2500,0.9997503200000001,Bwd Header Length,3.0666666666845366e-05,3.086889840845613e-07
Friday-WorkingHours-Afternoon-PortScan.pcap_ISCX.csv,57293,5000,2500,2500,0.9997503200000001,Average Packet Size,2.5866666666744347e-05,0.00011735292563693461
Friday-WorkingHours-Afternoon-PortScan.pcap_ISCX.csv,57293,5000,2500,2500,0.9997503200000001,URG Flag Count,1.7946666666731243e-05,7.205726118113907e-06
Friday-WorkingHours-Afternoon-PortScan.pcap_ISCX.csv,57293,5000,2500,2500,0.9997503200000001,Fwd Packet Length Mean,1.7306666666735044e-05,6.120236451491879e-05
Friday-WorkingHours-Afternoon-PortScan.pcap_ISCX.csv,57293,5000,2500,2500,0.9997503200000001,Max Packet Length,1.304000000005671e-05,7.246431029592778e-05
Friday-WorkingHours-Afternoon-PortScan.pcap_ISCX.csv,57293,5000,2500,2500,0.9997503200000001,Packet Length Std,3.7066666667880574e-06,4.7399368022012324e-05
Friday-WorkingHours-Afternoon-PortScan.pcap_ISCX.csv,57293,5000,2500,2500,0.9997503200000001,Init_Win_bytes_backward,-2.9333333321594307e-07,0.000103438841619359
Friday-WorkingHours-Afternoon-PortScan.pcap_ISCX.csv,57293,5000,2500,2500,0.9997503200000001,Subflow Bwd Bytes,-1.770666666659852e-05,1.1763597333988458e-06
Friday-WorkingHours-Afternoon-PortScan.pcap_ISCX.csv,57293,5000,2500,2500,0.9997503200000001,Bwd Packet Length Min,-3.301333333327605e-05,8.614219149500558e-05
Friday-WorkingHours-Afternoon-PortScan.pcap_ISCX.csv,57293,5000,2500,2500,0.9997503200000001,Init_Win_bytes_forward,-4.821333333323204e-05,0.00011972058729484082
Friday-WorkingHours-Afternoon-PortScan.pcap_ISCX.csv,57293,5000,2500,2500,0.9997503200000001,Packet Length Variance,-5.8533333333240144e-05,1.9036339517170408e-06
Friday-WorkingHours-Afternoon-PortScan.pcap_ISCX.csv,57293,5000,2500,2500,0.9997503200000001,Total Length of Fwd Packets,-6.818666666659941e-05,0.00013176713736312367
Friday-WorkingHours-Afternoon-PortScan.pcap_ISCX.csv,57293,5000,2500,2500,0.9997503200000001,Packet Length Mean,-9.069333333326195e-05,0.00014112262028306833
Friday-WorkingHours-Afternoon-PortScan.pcap_ISCX.csv,57293,5000,2500,2500,0.9997503200000001,Fwd Packet Length Min,-0.00011250666666666002,1.170906581325821e-06
Friday-WorkingHours-Afternoon-PortScan.pcap_ISCX.csv,57293,5000,2500,2500,0.9997503200000001,Min Packet Length,-0.00015429333333335146,1.2905123874861638e-06
Friday-WorkingHours-Morning.pcap_ISCX.csv,38206,2893,2500,393,0.9995236641221374,Init_Win_bytes_forward,0.017259711620016938,0.000575204608404253
Friday-WorkingHours-Morning.pcap_ISCX.csv,38206,2893,2500,393,0.9995236641221374,Destination Port,0.012216454622561454,0.0006589450242074632
Friday-WorkingHours-Morning.pcap_ISCX.csv,38206,2893,2500,393,0.9995236641221374,Init_Win_bytes_backward,0.006697031382527641,0.00023549544622467598
Friday-WorkingHours-Morning.pcap_ISCX.csv,38206,2893,2500,393,0.9995236641221374,Bwd Packet Length Min,0.0028088210347752365,1.3460108176279568e-05
Friday-WorkingHours-Morning.pcap_ISCX.csv,38206,2893,2500,393,0.9995236641221374,Max Packet Length,0.0026636132315521386,9.307645502682659e-05
Friday-WorkingHours-Morning.pcap_ISCX.csv,38206,2893,2500,393,0.9995236641221374,Average Packet Size,0.0019162001696352293,0.0001881425846430219
Friday-WorkingHours-Morning.pcap_ISCX.csv,38206,2893,2500,393,0.9995236641221374,Fwd Packet Length Min,0.0015036471586089561,0.0005555799773199745
Friday-WorkingHours-Morning.pcap_ISCX.csv,38206,2893,2500,393,0.9995236641221374,Packet Length Mean,0.0014934690415606318,0.0001943537738712721
Friday-WorkingHours-Morning.pcap_ISCX.csv,38206,2893,2500,393,0.9995236641221374,Subflow Bwd Bytes,0.0013519932145887499,0.0002848325441242738
Friday-WorkingHours-Morning.pcap_ISCX.csv,38206,2893,2500,393,0.9995236641221374,Subflow Fwd Bytes,0.001173876166242649,0.0004266807271712698
Friday-WorkingHours-Morning.pcap_ISCX.csv,38206,2893,2500,393,0.9995236641221374,Avg Bwd Segment Size,0.0010568278201866048,0.0001600745991134272
Friday-WorkingHours-Morning.pcap_ISCX.csv,38206,2893,2500,393,0.9995236641221374,Bwd Packet Length Mean,0.0010435962680237498,0.0003064434058679529
Friday-WorkingHours-Morning.pcap_ISCX.csv,38206,2893,2500,393,0.9995236641221374,Avg Fwd Segment Size,0.0008895674300255137,0.00039031541737717955
Friday-WorkingHours-Morning.pcap_ISCX.csv,38206,2893,2500,393,0.9995236641221374,URG Flag Count,0.0008726039016115165,4.562653089580278e-05
Friday-WorkingHours-Morning.pcap_ISCX.csv,38206,2893,2500,393,0.9995236641221374,Fwd Packet Length Max,0.0008061068702290471,9.786177061658402e-05
Friday-WorkingHours-Morning.pcap_ISCX.csv,38206,2893,2500,393,0.9995236641221374,Packet Length Variance,0.0007609838846479958,0.00012452385355903923
Friday-WorkingHours-Morning.pcap_ISCX.csv,38206,2893,2500,393,0.9995236641221374,Packet Length Std,0.0007131467345207568,0.00019214878496372228
Friday-WorkingHours-Morning.pcap_ISCX.csv,38206,2893,2500,393,0.9995236641221374,Total Length of Fwd Packets,0.0006853265479219347,0.00019485593881229973
Friday-WorkingHours-Morning.pcap_ISCX.csv,38206,2893,2500,393,0.9995236641221374,Fwd Packet Length Mean,0.0006161153519933146,0.00035472096754512826
Friday-WorkingHours-Morning.pcap_ISCX.csv,38206,2893,2500,393,0.9995236641221374,Total Length of Bwd Packets,0.0006123833757421352,1.2721515358314365e-05
Friday-WorkingHours-Morning.pcap_ISCX.csv,38206,2893,2500,393,0.9995236641221374,Min Packet Length,0.0005947413061917484,0.00011687070883358022
Friday-WorkingHours-Morning.pcap_ISCX.csv,38206,2893,2500,393,0.9995236641221374,Bwd Header Length,0.0005642069550466274,0.00010432225181692875
Friday-WorkingHours-Morning.pcap_ISCX.csv,38206,2893,2500,393,0.9995236641221374,Bwd Packet Length Max,0.0005309584393554297,2.8454264761715873e-05
Friday-WorkingHours-Morning.pcap_ISCX.csv,38206,2893,2500,393,0.9995236641221374,Bwd Packet Length Std,0.0003494486853265662,0.00010935148837068104
Friday-WorkingHours-Morning.pcap_ISCX.csv,38206,2893,2500,393,0.9995236641221374,Fwd Header Length,0.00026598812553024764,3.999653232608571e-05
Thursday-WorkingHours-Afternoon-Infilteration.pcap_ISCX.csv,57720,2507,2500,7,0.9624571428571429,Average Packet Size,0.1228380952380953,0.005517188149715819
Thursday-WorkingHours-Afternoon-Infilteration.pcap_ISCX.csv,57720,2507,2500,7,0.9624571428571429,Init_Win_bytes_forward,0.09416190476190474,0.001878533707147396
Thursday-WorkingHours-Afternoon-Infilteration.pcap_ISCX.csv,57720,2507,2500,7,0.9624571428571429,Packet Length Mean,0.09200000000000004,0.014320928028303141
Thursday-WorkingHours-Afternoon-Infilteration.pcap_ISCX.csv,57720,2507,2500,7,0.9624571428571429,Avg Bwd Segment Size,0.08751428571428577,0.02458983806482713
Thursday-WorkingHours-Afternoon-Infilteration.pcap_ISCX.csv,57720,2507,2500,7,0.9624571428571429,Max Packet Length,0.08644761904761906,0.050756799528858206
Thursday-WorkingHours-Afternoon-Infilteration.pcap_ISCX.csv,57720,2507,2500,7,0.9624571428571429,Bwd Packet Length Mean,0.08045714285714296,0.01855050836349823
Thursday-WorkingHours-Afternoon-Infilteration.pcap_ISCX.csv,57720,2507,2500,7,0.9624571428571429,Subflow Bwd Bytes,0.07678095238095244,0.01032756916255015
Thursday-WorkingHours-Afternoon-Infilteration.pcap_ISCX.csv,57720,2507,2500,7,0.9624571428571429,Total Length of Bwd Packets,0.07360000000000004,0.028614453319529113
Thursday-WorkingHours-Afternoon-Infilteration.pcap_ISCX.csv,57720,2507,2500,7,0.9624571428571429,Subflow Fwd Bytes,0.07351428571428575,0.014137921216590884
Thursday-WorkingHours-Afternoon-Infilteration.pcap_ISCX.csv,57720,2507,2500,7,0.9624571428571429,Bwd Packet Length Min,0.07275238095238101,0.015935931817829038
Thursday-WorkingHours-Afternoon-Infilteration.pcap_ISCX.csv,57720,2507,2500,7,0.9624571428571429,Avg Fwd Segment Size,0.06914285714285724,0.012318052677623507
Thursday-WorkingHours-Afternoon-Infilteration.pcap_ISCX.csv,57720,2507,2500,7,0.9624571428571429,Fwd Packet Length Min,0.06594285714285719,0.013546674165727276
Thursday-WorkingHours-Afternoon-Infilteration.pcap_ISCX.csv,57720,2507,2500,7,0.9624571428571429,Packet Length Std,0.06003809523809526,0.021209962148270464
Thursday-WorkingHours-Afternoon-Infilteration.pcap_ISCX.csv,57720,2507,2500,7,0.9624571428571429,Total Length of Fwd Packets,0.05919047619047624,0.040910383781306535
Thursday-WorkingHours-Afternoon-Infilteration.pcap_ISCX.csv,57720,2507,2500,7,0.9624571428571429,Init_Win_bytes_backward,0.05913333333333345,0.022103729895278937
Thursday-WorkingHours-Afternoon-Infilteration.pcap_ISCX.csv,57720,2507,2500,7,0.9624571428571429,Min Packet Length,0.05794285714285722,0.007245772870425586
Thursday-WorkingHours-Afternoon-Infilteration.pcap_ISCX.csv,57720,2507,2500,7,0.9624571428571429,Fwd Packet Length Mean,0.05250476190476198,0.030433085588101292
Thursday-WorkingHours-Afternoon-Infilteration.pcap_ISCX.csv,57720,2507,2500,7,0.9624571428571429,Bwd Packet Length Max,0.05209523809523816,0.026879588729172055
Thursday-WorkingHours-Afternoon-Infilteration.pcap_ISCX.csv,57720,2507,2500,7,0.9624571428571429,Packet Length Variance,0.04578095238095248,0.005402057221302119
Thursday-WorkingHours-Afternoon-Infilteration.pcap_ISCX.csv,57720,2507,2500,7,0.9624571428571429,Fwd Header Length,0.04437142857142858,0.011940464558699144
Thursday-WorkingHours-Afternoon-Infilteration.pcap_ISCX.csv,57720,2507,2500,7,0.9624571428571429,Destination Port,0.03873333333333336,0.011489701590136486
Thursday-WorkingHours-Afternoon-Infilteration.pcap_ISCX.csv,57720,2507,2500,7,0.9624571428571429,Bwd Packet Length Std,0.037161904761904875,0.0006089282805008033
Thursday-WorkingHours-Afternoon-Infilteration.pcap_ISCX.csv,57720,2507,2500,7,0.9624571428571429,Bwd Header Length,0.03598095238095245,0.02140411726345343
Thursday-WorkingHours-Afternoon-Infilteration.pcap_ISCX.csv,57720,2507,2500,7,0.9624571428571429,Fwd Packet Length Max,0.0350952380952381,0.028636842577953056
Thursday-WorkingHours-Afternoon-Infilteration.pcap_ISCX.csv,57720,2507,2500,7,0.9624571428571429,URG Flag Count,0.011961904761904766,0.00029631141306861957
Thursday-WorkingHours-Morning-WebAttacks.pcap_ISCX.csv,34072,2935,2500,435,0.9999742528735632,Destination Port,0.003017011494252856,0.00020663687407527625
Thursday-WorkingHours-Morning-WebAttacks.pcap_ISCX.csv,34072,2935,2500,435,0.9999742528735632,Init_Win_bytes_backward,0.00039111111111111985,5.196464589242216e-05
Thursday-WorkingHours-Morning-WebAttacks.pcap_ISCX.csv,34072,2935,2500,435,0.9999742528735632,Init_Win_bytes_forward,0.00023478927203068878,6.314920165970115e-05
Thursday-WorkingHours-Morning-WebAttacks.pcap_ISCX.csv,34072,2935,2500,435,0.9999742528735632,URG Flag Count,7.295019157083082e-05,2.7538485756567226e-05
Thursday-WorkingHours-Morning-WebAttacks.pcap_ISCX.csv,34072,2935,2500,435,0.9999742528735632,Fwd Header Length,3.831417624518737e-05,4.135091973450655e-06
Thursday-WorkingHours-Morning-WebAttacks.pcap_ISCX.csv,34072,2935,2500,435,0.9999742528735632,Fwd Packet Length Mean,2.8812260536340933e-05,1.1468681645229644e-06
Thursday-WorkingHours-Morning-WebAttacks.pcap_ISCX.csv,34072,2935,2500,435,0.9999742528735632,Total Length of Fwd Packets,1.1954022988480695e-05,1.9864339305370365e-06
Thursday-WorkingHours-Morning-WebAttacks.pcap_ISCX.csv,34072,2935,2500,435,0.9999742528735632,Avg Fwd Segment Size,1.1340996168618389e-05,2.4134890035701043e-06
Thursday-WorkingHours-Morning-WebAttacks.pcap_ISCX.csv,34072,2935,2500,435,0.9999742528735632,Fwd Packet Length Max,1.1034482758631725e-05,1.7591840431933907e-05
Thursday-WorkingHours-Morning-WebAttacks.pcap_ISCX.csv,34072,2935,2500,435,0.9999742528735632,Bwd Packet Length Mean,7.662835249037473e-06,6.068655899877037e-06
Thursday-WorkingHours-Morning-WebAttacks.pcap_ISCX.csv,34072,2935,2500,435,0.9999742528735632,Min Packet Length,4.597701149429885e-06,7.508014537425037e-07
Thursday-WorkingHours-Morning-WebAttacks.pcap_ISCX.csv,34072,2935,2500,435,0.9999742528735632,Packet Length Variance,3.9846743295675795e-06,1.0248737776125775e-05
Thursday-WorkingHours-Morning-WebAttacks.pcap_ISCX.csv,34072,2935,2500,435,0.9999742528735632,Fwd Packet Length Min,3.678160919506901e-06,7.508014537425037e-07
Thursday-WorkingHours-Morning-WebAttacks.pcap_ISCX.csv,34072,2935,2500,435,0.9999742528735632,Subflow Fwd Bytes,3.065134099607588e-06,2.293736329026147e-06
Thursday-WorkingHours-Morning-WebAttacks.pcap_ISCX.csv,34072,2935,2500,435,0.9999742528735632,Packet Length Std,1.2260536398356336e-06,4.334754214523651e-07
Thursday-WorkingHours-Morning-WebAttacks.pcap_ISCX.csv,34072,2935,2500,435,0.9999742528735632,Bwd Header Length,1.2260536397986261e-06,8.66950842878562e-07
Thursday-WorkingHours-Morning-WebAttacks.pcap_ISCX.csv,34072,2935,2500,435,0.9999742528735632,Total Length of Bwd Packets,6.130268199363206e-07,1.7339016857832921e-06
Thursday-WorkingHours-Morning-WebAttacks.pcap_ISCX.csv,34072,2935,2500,435,0.9999742528735632,Subflow Bwd Bytes,-3.0651340994965654e-07,1.1468681645724176e-06
Thursday-WorkingHours-Morning-WebAttacks.pcap_ISCX.csv,34072,2935,2500,435,0.9999742528735632,Bwd Packet Length Min,-3.06513409986664e-07,2.8424884277303477e-06
Thursday-WorkingHours-Morning-WebAttacks.pcap_ISCX.csv,34072,2935,2500,435,0.9999742528735632,Bwd Packet Length Std,-9.195402298859771e-07,5.233641528947107e-17
Thursday-WorkingHours-Morning-WebAttacks.pcap_ISCX.csv,34072,2935,2500,435,0.9999742528735632,Bwd Packet Length Max,-1.2260536397616188e-06,1.1468681645229644e-06
Thursday-WorkingHours-Morning-WebAttacks.pcap_ISCX.csv,34072,2935,2500,435,0.9999742528735632,Packet Length Mean,-1.2260536397986261e-06,4.3347542147853333e-07
Thursday-WorkingHours-Morning-WebAttacks.pcap_ISCX.csv,34072,2935,2500,435,0.9999742528735632,Avg Bwd Segment Size,-2.4521072795972523e-06,1.1468681644834018e-06
Thursday-WorkingHours-Morning-WebAttacks.pcap_ISCX.csv,34072,2935,2500,435,0.9999742528735632,Average Packet Size,-2.758620689620924e-06,1.3004262642524224e-06
Thursday-WorkingHours-Morning-WebAttacks.pcap_ISCX.csv,34072,2935,2500,435,0.9999742528735632,Max Packet Length,-6.1302681992891905e-06,1.146868164532855e-06
Tuesday-WorkingHours.pcap_ISCX.csv,89182,5000,2500,2500,0.9998944,Destination Port,0.009205546666666694,0.0003171017104267278
Tuesday-WorkingHours.pcap_ISCX.csv,89182,5000,2500,2500,0.9998944,Bwd Packet Length Mean,0.0002282666666666063,3.568952538554115e-06
Tuesday-WorkingHours.pcap_ISCX.csv,89182,5000,2500,2500,0.9998944,Init_Win_bytes_forward,0.0002151466666666287,9.380907324062391e-06
Tuesday-WorkingHours.pcap_ISCX.csv,89182,5000,2500,2500,0.9998944,Packet Length Std,0.00017535999999995777,0.00011088057719912214
Tuesday-WorkingHours.pcap_ISCX.csv,89182,5000,2500,2500,0.9998944,Bwd Packet Length Std,0.00017461333333327703,1.791634883440747e-05
Tuesday-WorkingHours.pcap_ISCX.csv,89182,5000,2500,2500,0.9998944,Packet Length Variance,0.0001740266666665861,0.00011130115942294477
Tuesday-WorkingHours.pcap_ISCX.csv,89182,5000,2500,2500,0.9998944,Total Length of Bwd Packets,0.00015231999999998358,0.00010341026641495061
Tuesday-WorkingHours.pcap_ISCX.csv,89182,5000,2500,2500,0.9998944,Fwd Packet Length Mean,0.00014143999999997417,0.00016065806007378277
Tuesday-WorkingHours.pcap_ISCX.csv,89182,5000,2500,2500,0.9998944,Total Length of Fwd Packets,0.00013519999999992796,3.552312298585368e-05
Tuesday-WorkingHours.pcap_ISCX.csv,89182,5000,2500,2500,0.9998944,Packet Length Mean,0.0001325866666666379,7.92349911479454e-05
Tuesday-WorkingHours.pcap_ISCX.csv,89182,5000,2500,2500,0.9998944,Fwd Packet Length Max,0.00011626666666664232,8.104557620390918e-05
Tuesday-WorkingHours.pcap_ISCX.csv,89182,5000,2500,2500,0.9998944,Max Packet Length,0.00010949333333328444,0.000149371937867274
Tuesday-WorkingHours.pcap_ISCX.csv,89182,5000,2500,2500,0.9998944,Avg Fwd Segment Size,8.10666666665553e-05,9.081136688514223e-05
Tuesday-WorkingHours.pcap_ISCX.csv,89182,5000,2500,2500,0.9998944,Subflow Fwd Bytes,6.959999999996598e-05,2.5226272019457637e-05
Tuesday-WorkingHours.pcap_ISCX.csv,89182,5000,2500,2500,0.9998944,Avg Bwd Segment Size,5.5573333333317855e-05,0.00011804381258191695
Tuesday-WorkingHours.pcap_ISCX.csv,89182,5000,2500,2500,0.9998944,Bwd Packet Length Max,5.477333333329485e-05,0.00011925381037473065
Tuesday-WorkingHours.pcap_ISCX.csv,89182,5000,2500,2500,0.9998944,URG Flag Count,4.6986666666618916e-05,1.0877908295237119e-06
Tuesday-WorkingHours.pcap_ISCX.csv,89182,5000,2500,2500,0.9998944,Min Packet Length,3.775999999992378e-05,4.560477168021462e-05
Tuesday-WorkingHours.pcap_ISCX.csv,89182,5000,2500,2500,0.9998944,Bwd Header Length,3.114666666662972e-05,0.0001558397992241363
Tuesday-WorkingHours.pcap_ISCX.csv,89182,5000,2500,2500,0.9998944,Bwd Packet Length Min,2.3359999999990794e-05,6.506120195627201e-05
Tuesday-WorkingHours.pcap_ISCX.csv,89182,5000,2500,2500,0.9998944,Subflow Bwd Bytes,1.8773333333295856e-05,2.9396296063262773e-06
Tuesday-WorkingHours.pcap_ISCX.csv,89182,5000,2500,2500,0.9998944,Fwd Packet Length Min,1.647999999991138e-05,3.745298919976226e-05
Tuesday-WorkingHours.pcap_ISCX.csv,89182,5000,2500,2500,0.9998944,Average Packet Size,1.5306666666640527e-05,1.5084944664961744e-06
Tuesday-WorkingHours.pcap_ISCX.csv,89182,5000,2500,2500,0.9998944,Init_Win_bytes_backward,-2.384000000007121e-05,6.427792985671374e-05
Tuesday-WorkingHours.pcap_ISCX.csv,89182,5000,2500,2500,0.9998944,Fwd Header Length,-3.216000000009581e-05,9.220693249426302e-05
Wednesday-workingHours.pcap_ISCX.csv,138541,5000,2500,2500,0.99999808,Destination Port,0.004357173333333371,9.897956871108838e-05
Wednesday-workingHours.pcap_ISCX.csv,138541,5000,2500,2500,0.99999808,Init_Win_bytes_forward,0.0007445866666666209,6.067317767259197e-05
Wednesday-workingHours.pcap_ISCX.csv,138541,5000,2500,2500,0.99999808,Fwd Header Length,6.106666666668333e-05,2.345417849529567e-05
Wednesday-workingHours.pcap_ISCX.csv,138541,5000,2500,2500,0.99999808,URG Flag Count,9.97333333330186e-06,7.428473748066398e-07
Wednesday-workingHours.pcap_ISCX.csv,138541,5000,2500,2500,0.99999808,Init_Win_bytes_backward,7.359999999974794e-06,5.5533293317542486e-06
Wednesday-workingHours.pcap_ISCX.csv,138541,5000,2500,2500,0.99999808,Average Packet Size,8.000000000230045e-07,6.912790077918041e-07
Wednesday-workingHours.pcap_ISCX.csv,138541,5000,2500,2500,0.99999808,Bwd Packet Length Std,5.866666666909381e-07,4.587906808481381e-07
Wednesday-workingHours.pcap_ISCX.csv,138541,5000,2500,2500,0.99999808,Total Length of Bwd Packets,5.333333333116622e-07,1.5084944667840248e-07
Wednesday-workingHours.pcap_ISCX.csv,138541,5000,2500,2500,0.99999808,Fwd Packet Length Min,4.800000000064012e-07,1.3063945297032265e-07
Wednesday-workingHours.pcap_ISCX.csv,138541,5000,2500,2500,0.99999808,Avg Bwd Segment Size,4.800000000064012e-07,3.4563950392159875e-07
Wednesday-workingHours.pcap_ISCX.csv,138541,5000,2500,2500,0.99999808,Bwd Packet Length Max,3.7333333335887176e-07,7.542472336536944e-08
Wednesday-workingHours.pcap_ISCX.csv,138541,5000,2500,2500,0.99999808,Subflow Fwd Bytes,3.7333333335887176e-07,7.542472336536945e-08
Wednesday-workingHours.pcap_ISCX.csv,138541,5000,2500,2500,0.99999808,Fwd Packet Length Max,2.666666667483497e-07,4.945929864055425e-07
Wednesday-workingHours.pcap_ISCX.csv,138541,5000,2500,2500,0.99999808,Bwd Packet Length Min,2.6666666671134226e-07,1.5084944667840248e-07
Wednesday-workingHours.pcap_ISCX.csv,138541,5000,2500,2500,0.99999808,Avg Fwd Segment Size,2.666666666373274e-07,7.542472328686484e-08
Wednesday-workingHours.pcap_ISCX.csv,138541,5000,2500,2500,0.99999808,Packet Length Std,2.1333333336907381e-07,3.287687467900409e-07
Wednesday-workingHours.pcap_ISCX.csv,138541,5000,2500,2500,0.99999808,Packet Length Mean,1.6000000002680537e-07,1.3063945297032265e-07
Wednesday-workingHours.pcap_ISCX.csv,138541,5000,2500,2500,0.99999808,Subflow Bwd Bytes,1.6000000002680537e-07,1.3063945297032265e-07
Wednesday-workingHours.pcap_ISCX.csv,138541,5000,2500,2500,0.99999808,Total Length of Fwd Packets,1.0666666672154435e-07,1.5084944665223428e-07
Wednesday-workingHours.pcap_ISCX.csv,138541,5000,2500,2500,0.99999808,Fwd Packet Length Mean,1.0666666672154435e-07,1.5084944657372965e-07
Wednesday-workingHours.pcap_ISCX.csv,138541,5000,2500,2500,0.99999808,Packet Length Variance,1.0666666668453691e-07,1.5084944659989788e-07
Wednesday-workingHours.pcap_ISCX.csv,138541,5000,2500,2500,0.99999808,Max Packet Length,1.0666666668453691e-07,1.995550606613757e-07
Wednesday-workingHours.pcap_ISCX.csv,138541,5000,2500,2500,0.99999808,Bwd Packet Length Mean,1.0666666668453691e-07,7.542472333920124e-08
Wednesday-workingHours.pcap_ISCX.csv,138541,5000,2500,2500,0.99999808,Bwd Header Length,1.0666666668453691e-07,1.9955506057235985e-07
Wednesday-workingHours.pcap_ISCX.csv,138541,5000,2500,2500,0.99999808,Min Packet Length,1.0666666664752948e-07,1.995550606218131e-07
