fold,rows,attack_rate,auroc,average_precision,precision,recall,f1,mcc,threshold
fold_01,51326,0.6853446364402771,0.9940719106610124,0.9964013022891275,0.6946699054051385,1.0,0.8198291634134688,0.17215220510599621,0.00021570350509136915
fold_02,467132,0.05834539234638214,0.9999998828911633,0.9999981286052062,0.9947076428936419,0.9999266189689965,0.9973103031855525,0.9971470357007545,0.002342678839340806
fold_03,696047,0.04517223685979843,0.9999992649490419,0.9999853290528887,0.5735707249443613,1.0,0.7290053327150475,0.743906346744386,0.0002052255586022511
fold_04,487850,0.06932459026575089,0.9999826846695601,0.9995762486366607,0.831796158292137,1.0,0.9081754588541736,0.9051336428880705,0.0008985825697891414
fold_05,242032,0.11260907351970673,0.9999962313882901,0.9999662132879418,0.988933236574746,1.0,0.9944358296086837,0.9937448740337826,0.00037816318217664957
fold_06,32563,0.9655744433403015,0.9936367408242331,0.999772584292236,0.973918161261345,0.9999681954074169,0.986771282856022,0.49139984890752636,0.010243969969451427
fold_07,256655,0.1317722201347351,0.9999998710238952,0.9999991502589642,1.0,0.895002956830278,0.9445926758102015,0.9385969845496902,0.9997329115867615
fold_08,39107,0.899480938911438,0.9997257820209623,0.9999680617111196,0.9071356732083452,1.0,0.9513069111462685,0.2759570991467923,0.005989640485495329
fold_09,36527,0.8607879281044006,0.9997475053096783,0.9999583686342971,0.9961979595716368,1.0,0.9980953590248238,0.9862498989508519,0.004699393641203642
fold_10,249140,0.13574697077274323,0.9999203040723402,0.9989621137983624,0.999081644744638,0.9971910112359551,0.9981354326979993,0.9978434876602216,0.8723145127296448
fold_11,51326,0.6853446364402771,0.9980252420204883,0.9984566001144309,0.9120545671455988,0.9997441437343644,0.9538883011907668,0.848387463236782,0.010034660808742046
fold_12,467132,0.05834539234638214,0.9999864831462594,0.9997977314620382,0.8462876129553147,0.9999266189689965,0.916714319351475,0.914711739982713,0.2062416821718216
