fold,adaptation_rows,evaluation_rows,adaptation_attack_rate_audit,duration_hours,rank_cutoff,false_alerts,true_negatives,true_positives,false_negatives,benign_false_positive_rate,attack_recall,false_alerts_per_hour
fold_01,10265,41061,0.5676571130752563,636.9524138888889,0.9,13,11699,7801,21548,0.0011099726775956283,0.2658012198030597,0.020409687939839948
fold_01,10265,41061,0.5676571130752563,636.9524138888889,0.95,7,11705,4598,24751,0.0005976775956284153,0.156666325939555,0.010989831967606126
fold_01,10265,41061,0.5676571130752563,636.9524138888889,0.975,3,11709,2624,26725,0.00025614754098360657,0.08940679409860643,0.004709927986116911
fold_01,10265,41061,0.5676571130752563,636.9524138888889,0.99,0,11712,954,28395,0.0,0.032505366452008584,0.0
fold_01,10265,41061,0.5676571130752563,636.9524138888889,0.995,0,11712,388,28961,0.0,0.01322021193226345,0.0
fold_01,10265,41061,0.5676571130752563,636.9524138888889,0.999,0,11712,27,29322,0.0,0.0009199632014719411,0.0
fold_02,93426,373706,0.030740907415747643,643.5539788888889,0.9,23857,325466,24383,0,0.06829495910661479,1.0,37.07070546155223
fold_02,93426,373706,0.030740907415747643,643.5539788888889,0.95,7150,342173,24383,0,0.02046816270328607,1.0,11.110179152873304
fold_02,93426,373706,0.030740907415747643,643.5539788888889,0.975,0,349323,24119,264,0.0,0.9891727843169421,0.0
fold_02,93426,373706,0.030740907415747643,643.5539788888889,0.99,0,349323,20343,4040,0.0,0.8343107903047206,0.0
fold_02,93426,373706,0.030740907415747643,643.5539788888889,0.995,0,349323,18755,5628,0.0,0.7691834474839028,0.0
fold_02,93426,373706,0.030740907415747643,643.5539788888889,0.999,0,349323,14707,9676,0.0,0.6031661403436821,0.0
fold_03,139209,556838,0.031212061643600464,643.5338130555556,0.9,68531,461210,27097,0,0.12936699254918912,1.0,106.49168483410178
fold_03,139209,556838,0.031212061643600464,643.5338130555556,0.95,19163,510578,27097,0,0.036174281394115236,1.0,29.777767090453846
fold_03,139209,556838,0.031212061643600464,643.5338130555556,0.975,0,529741,25779,1318,0.0,0.9513599291434476,0.0
fold_03,139209,556838,0.031212061643600464,643.5338130555556,0.99,0,529741,10738,16359,0.0,0.3962800309997417,0.0
fold_03,139209,556838,0.031212061643600464,643.5338130555556,0.995,0,529741,4527,22570,0.0,0.1670664649223161,0.0
fold_03,139209,556838,0.031212061643600464,643.5338130555556,0.999,0,529741,632,26465,0.0,0.023323615160349854,0.0
fold_04,97570,390280,0.04528031125664711,643.4636141666666,0.9,19401,341477,29402,0,0.05376055065700874,1.0,30.150888990243438
fold_04,97570,390280,0.04528031125664711,643.4636141666666,0.95,4390,356488,29402,0,0.01216477590764746,1.0,6.822452588380428
fold_04,97570,390280,0.04528031125664711,643.4636141666666,0.975,6,360872,17255,12147,1.6626117413641174e-05,0.58686483912659,0.009324536567262544
fold_04,97570,390280,0.04528031125664711,643.4636141666666,0.99,3,360875,8068,21334,8.313058706820587e-06,0.2744031018298075,0.004662268283631272
fold_04,97570,390280,0.04528031125664711,643.4636141666666,0.995,2,360876,3431,25971,5.542039137880392e-06,0.1166927419903408,0.0031081788557541816
fold_04,97570,390280,0.04528031125664711,643.4636141666666,0.999,0,360878,791,28611,0.0,0.02690293177334875,0.0
fold_05,48406,193626,0.059331487864255905,643.3143891666666,0.9,39179,130064,24383,0,0.2314955419131072,1.0,60.90179336848271
fold_05,48406,193626,0.059331487864255905,643.3143891666666,0.95,6,169237,22524,1859,3.5451983243029256e-05,0.9237583562318008,0.009326699512772053
fold_05,48406,193626,0.059331487864255905,643.3143891666666,0.975,2,169241,21591,2792,1.1817327747676418e-05,0.8854939917155396,0.003108899837590684
fold_05,48406,193626,0.059331487864255905,643.3143891666666,0.99,1,169242,17886,6497,5.908663873838209e-06,0.7335438625271705,0.001554449918795342
fold_05,48406,193626,0.059331487864255905,643.3143891666666,0.995,1,169242,13278,11105,5.908663873838209e-06,0.5445597342410696,0.001554449918795342
fold_05,48406,193626,0.059331487864255905,643.3143891666666,0.999,0,169243,4803,19580,0.0,0.19698150350654145,0.0
fold_06,6512,26051,0.9390356540679932,10.938731666666667,0.9,0,724,3127,22200,0.0,0.12346507679551467,0.0
fold_06,6512,26051,0.9390356540679932,10.938731666666667,0.95,0,724,1745,23582,0.0,0.0688988036482805,0.0
fold_06,6512,26051,0.9390356540679932,10.938731666666667,0.975,0,724,868,24459,0.0,0.03427172582619339,0.0
fold_06,6512,26051,0.9390356540679932,10.938731666666667,0.99,0,724,424,24903,0.0,0.016741027362103682,0.0
fold_06,6512,26051,0.9390356540679932,10.938731666666667,0.995,0,724,228,25099,0.0,0.00900225056264066,0.0
fold_06,6512,26051,0.9390356540679932,10.938731666666667,0.999,0,724,29,25298,0.0,0.0011450230978797332,0.0
fold_07,51331,205324,0.08606884628534317,643.4061030555556,0.9,1668,174254,29402,0,0.009481474744489035,1.0,2.5924528724216573
fold_07,51331,205324,0.08606884628534317,643.4061030555556,0.95,0,175922,22674,6728,0.0,0.7711720291136658,0.0
fold_07,51331,205324,0.08606884628534317,643.4061030555556,0.975,0,175922,17070,12332,0.0,0.5805727501530508,0.0
fold_07,51331,205324,0.08606884628534317,643.4061030555556,0.99,0,175922,8123,21279,0.0,0.27627372287599483,0.0
fold_07,51331,205324,0.08606884628534317,643.4061030555556,0.995,0,175922,1664,27738,0.0,0.05659478947010407,0.0
fold_07,51331,205324,0.08606884628534317,643.4061030555556,0.999,0,175922,136,29266,0.0,0.004625535677845045,0.0
fold_08,7821,31286,0.95576012134552,11.168119722222222,0.9,1,3584,5878,21823,0.0002789400278940028,0.21219450561351574,0.08954058739272011
fold_08,7821,31286,0.95576012134552,11.168119722222222,0.95,1,3584,4040,23661,0.0002789400278940028,0.14584311035702682,0.08954058739272011
fold_08,7821,31286,0.95576012134552,11.168119722222222,0.975,1,3584,3209,24492,0.0002789400278940028,0.11584419335042057,0.08954058739272011
fold_08,7821,31286,0.95576012134552,11.168119722222222,0.99,0,3585,1576,26125,0.0,0.056893252951157,0.0
fold_08,7821,31286,0.95576012134552,11.168119722222222,0.995,0,3585,591,27110,0.0,0.021334969856683875,0.0
fold_08,7821,31286,0.95576012134552,11.168119722222222,0.999,0,3585,156,27545,0.0,0.00563156564744955,0.0
fold_09,7305,29222,0.8380561470985413,10.937322222222223,0.9,3,3899,1772,23548,0.0007688364941055869,0.06998420221169037,0.2742901725894719
fold_09,7305,29222,0.8380561470985413,10.937322222222223,0.95,1,3901,1032,24288,0.00025627883136852895,0.04075829383886256,0.09143005752982397
fold_09,7305,29222,0.8380561470985413,10.937322222222223,0.975,0,3902,450,24870,0.0,0.017772511848341232,0.0
fold_09,7305,29222,0.8380561470985413,10.937322222222223,0.99,0,3902,68,25252,0.0,0.0026856240126382305,0.0
fold_09,7305,29222,0.8380561470985413,10.937322222222223,0.995,0,3902,9,25311,0.0,0.00035545023696682463,0.0
fold_09,7305,29222,0.8380561470985413,10.937322222222223,0.999,0,3902,1,25319,0.0,3.9494470774091624e-05,0.0
fold_10,49828,199312,0.08866500854492188,643.4095722222222,0.9,2164,167746,29402,0,0.012736154434700725,1.0,3.363331994775783
fold_10,49828,199312,0.08866500854492188,643.4095722222222,0.95,9,169901,18136,11266,5.2969218998293215e-05,0.6168287871573362,0.013987979645555475
fold_10,49828,199312,0.08866500854492188,643.4095722222222,0.975,4,169906,12703,16699,2.354187511035254e-05,0.4320454390857765,0.0062168798424691
fold_10,49828,199312,0.08866500854492188,643.4095722222222,0.99,1,169909,6392,23010,5.885468777588135e-06,0.2174001768587171,0.001554219960617275
fold_10,49828,199312,0.08866500854492188,643.4095722222222,0.995,0,169910,3351,26051,0.0,0.11397183865043195,0.0
fold_10,49828,199312,0.08866500854492188,643.4095722222222,0.999,0,169910,1335,28067,0.0,0.04540507448472893,0.0
fold_11,10265,41061,0.5676571130752563,636.9524138888889,0.9,4,11708,1779,27570,0.00034153005464480874,0.06061535316365123,0.006279903981489215
fold_11,10265,41061,0.5676571130752563,636.9524138888889,0.95,0,11712,834,28515,0.0,0.02841664111213329,0.0
fold_11,10265,41061,0.5676571130752563,636.9524138888889,0.975,0,11712,342,29007,0.0,0.011652867218644588,0.0
fold_11,10265,41061,0.5676571130752563,636.9524138888889,0.99,0,11712,122,29227,0.0,0.004156870762206549,0.0
fold_11,10265,41061,0.5676571130752563,636.9524138888889,0.995,0,11712,83,29266,0.0,0.002828035026747078,0.0
fold_11,10265,41061,0.5676571130752563,636.9524138888889,0.999,0,11712,9,29340,0.0,0.00030665440049064706,0.0
fold_12,93426,373706,0.030740907415747643,643.5539788888889,0.9,36919,312404,24383,0,0.10568728655141517,1.0,57.36737120908106
fold_12,93426,373706,0.030740907415747643,643.5539788888889,0.95,12883,336440,24383,0,0.03687990770719363,1.0,20.018522800904446
fold_12,93426,373706,0.030740907415747643,643.5539788888889,0.975,0,349323,23454,929,0.0,0.9618996842062092,0.0
fold_12,93426,373706,0.030740907415747643,643.5539788888889,0.99,0,349323,18002,6381,0.0,0.7383012754788172,0.0
fold_12,93426,373706,0.030740907415747643,643.5539788888889,0.995,0,349323,12489,11894,0.0,0.5122011237337489,0.0
fold_12,93426,373706,0.030740907415747643,643.5539788888889,0.999,0,349323,3463,20920,0.0,0.14202518147889923,0.0
