fold,auroc,average_precision,precision,recall,f1,mcc,threshold,test_rows,test_attack_rate
fold_01,0.9998118442406182,0.9999495380032702,0.8233504201483978,1.0,0.9031181401558428,0.36626574409440354,0.00010587053111521527,44192,0.7959811687469482
fold_02,0.9963326759480322,0.9958209918061728,0.7772042888103114,1.0,0.8746369719044333,0.3220278677170351,8.529557089786977e-05,36271,0.7514267563819885
fold_03,0.9998420864585978,0.999954094763114,0.8030751941152432,1.0,0.8907839193132561,0.34106938855272767,8.226243517128751e-05,40458,0.7771515846252441
fold_04,0.9974279397242145,0.9989198973324583,0.8597249408953402,0.9999704316972206,0.9245595090011892,0.5774228508988849,0.00010583671974018216,42836,0.7895228266716003
fold_05,0.9994292113964582,0.9998023624813314,0.7777587535313757,1.0,0.8749879610902437,0.32547278922823797,0.00015276382328011096,36271,0.7514267563819885
fold_06,0.9822857361707733,0.9854125934450689,0.9781860290435653,0.9940525411869474,0.9860554626620815,0.9362657185942359,0.9261898398399353,40458,0.7771515846252441
fold_07,0.996252043807264,0.9982084909390171,0.8145472061657033,1.0,0.8977966551632599,0.34480942026529615,0.00011409899161662906,42836,0.7895228266716003
fold_08,0.9994826875386318,0.9998617334868114,0.9938688441217189,1.0,0.9969249953945784,0.9848594253903853,0.019678695127367973,44192,0.7959811687469482
fold_09,0.999328299068941,0.9997508516824369,0.9979979661878734,0.9988232300744228,0.998410427594977,0.9928584399119519,0.9938349723815918,40458,0.7771515846252441
fold_10,0.9969156465777117,0.9986915119852368,0.8110700753033718,1.0,0.8956805000132418,0.31995829116479746,8.231870015151799e-05,42836,0.7895228266716003
fold_11,0.9825966974235679,0.9874211804633988,0.9804593183221967,0.9927791676142824,0.986580783682233,0.9330425034054696,0.9263952374458313,44192,0.7959811687469482
fold_12,0.9991734684110776,0.9996659955429421,0.7774259798048947,1.0,0.8747773337826777,0.323409649529783,0.00020225494517944753,36271,0.7514267563819885
