rows,benign_rows,attack_rows,false_alerts,true_negatives,true_positives,false_negatives,benign_false_positive_rate,attack_recall,threshold,observed_duration_hours,false_alerts_per_hour,fold
44192,9016,35176,61,8955,35099,77,0.006765749778172138,0.9978110075051171,0.948996901512146,648.6491341666666,0.0940415962758788,fold_01
36271,9016,27255,72,8944,27217,38,0.007985803016858917,0.9986057604109337,0.948996901512146,648.6525497222223,0.11099933243279957,fold_02
40458,9016,31442,62,8954,31413,29,0.006876663708961846,0.9990776668150881,0.948996901512146,648.6530791666667,0.09558268046711847,fold_03
42836,9016,33820,78,8938,33721,99,0.00865128660159716,0.9970727380248374,0.948996901512146,648.6516097222222,0.12024945106264767,fold_04
36271,9016,27255,68,8948,27255,0,0.0075421472937000885,1.0,0.948996901512146,648.6525497222223,0.1048327028531996,fold_05
40458,9016,31442,508,8508,30441,1001,0.05634427684117125,0.9681636028242478,0.948996901512146,648.6530791666667,0.7831613173757449,fold_06
42836,9016,33820,73,8943,33719,101,0.008096716947648625,0.9970136014192785,0.948996901512146,648.6516097222222,0.11254115291760615,fold_07
44192,9016,35176,68,8948,35176,0,0.0075421472937000885,1.0,0.948996901512146,648.6491341666666,0.10483325486491407,fold_08
40458,9016,31442,84,8932,31428,14,0.009316770186335404,0.9995547357038357,0.948996901512146,648.6530791666667,0.12949911547157986,fold_09
42836,9016,33820,100,8916,33758,62,0.011091393078970719,0.9981667652276759,0.948996901512146,648.6516097222222,0.15416596290083034,fold_10
44192,9016,35176,508,8508,34017,1159,0.05634427684117125,0.9670513986809188,0.948996901512146,648.6491341666666,0.7831660804614169,fold_11
36271,9016,27255,84,8932,27237,18,0.009316770186335404,0.9993395707209687,0.948996901512146,648.6525497222223,0.1294992211715995,fold_12
