fold,rows_evaluated,benign_rows,attack_rows,false_alerts,true_negatives,true_positives,false_negatives,benign_false_positive_rate,attack_recall,threshold,observed_duration_hours,false_alerts_per_hour,note
fold_01,44192,9016,35176,7547,1469,35176,0,0.8370674356699201,1.0,0.00010587053111521527,648.6491341666666,11.634949624492743,False alerts per hour uses the observed FLOW_START/FLOW_END timestamp span in the test file; it is not a packet arrival-rate estimate.
fold_02,36271,9016,27255,7813,1203,27255,0,0.8665705412599822,1.0,8.529557089786977e-05,648.6525497222223,12.044969226353652,False alerts per hour uses the observed FLOW_START/FLOW_END timestamp span in the test file; it is not a packet arrival-rate estimate.
fold_03,40458,9016,31442,7710,1306,31442,0,0.8551464063886424,1.0,8.226243517128751e-05,648.6530791666667,11.886168812927151,False alerts per hour uses the observed FLOW_START/FLOW_END timestamp span in the test file; it is not a packet arrival-rate estimate.
fold_04,42836,9016,33820,5518,3498,33819,1,0.6120230700976043,0.9999704316972206,0.00010583671974018216,648.6516097222222,8.506877832867819,False alerts per hour uses the observed FLOW_START/FLOW_END timestamp span in the test file; it is not a packet arrival-rate estimate.
fold_05,36271,9016,27255,7788,1228,27255,0,0.8637976929902396,1.0,0.00015276382328011096,648.6525497222223,12.006427791481153,False alerts per hour uses the observed FLOW_START/FLOW_END timestamp span in the test file; it is not a packet arrival-rate estimate.
fold_06,40458,9016,31442,697,8319,31255,187,0.07730700976042591,0.9940525411869474,0.9261898398399353,648.6530791666667,1.0745343271867995,False alerts per hour uses the observed FLOW_START/FLOW_END timestamp span in the test file; it is not a packet arrival-rate estimate.
fold_07,42836,9016,33820,7700,1316,33820,0,0.8540372670807453,1.0,0.00011409899161662906,648.6516097222222,11.870779143363936,False alerts per hour uses the observed FLOW_START/FLOW_END timestamp span in the test file; it is not a packet arrival-rate estimate.
fold_08,44192,9016,35176,217,8799,35176,0,0.02406832298136646,1.0,0.019678695127367973,648.6491341666666,0.3345414162600934,False alerts per hour uses the observed FLOW_START/FLOW_END timestamp span in the test file; it is not a packet arrival-rate estimate.
fold_09,40458,9016,31442,63,8953,31405,37,0.006987577639751553,0.9988232300744228,0.9938349723815918,648.6530791666667,0.0971243366036849,False alerts per hour uses the observed FLOW_START/FLOW_END timestamp span in the test file; it is not a packet arrival-rate estimate.
fold_10,42836,9016,33820,7878,1138,33820,0,0.8737799467613132,1.0,8.231870015151799e-05,648.6516097222222,12.145194557327414,False alerts per hour uses the observed FLOW_START/FLOW_END timestamp span in the test file; it is not a packet arrival-rate estimate.
fold_11,44192,9016,35176,696,8320,34922,254,0.0771960958296362,0.9927791676142824,0.9263952374458313,648.6491341666666,1.0729991968526498,False alerts per hour uses the observed FLOW_START/FLOW_END timestamp span in the test file; it is not a packet arrival-rate estimate.
fold_12,36271,9016,27255,7803,1213,27255,0,0.8654614019520852,1.0,0.00020225494517944753,648.6525497222223,12.029552652404654,False alerts per hour uses the observed FLOW_START/FLOW_END timestamp span in the test file; it is not a packet arrival-rate estimate.
